number,arrival,departure,name,phone,email,no_of_people,status
10000000,2020-04-07,2020-04-23,Smithies,17.32.208.43,asmithies0@google.com,3,NEW
10000001,2020-03-26,2020-04-13,Wilcock,59.137.166.136,dwilcock1@homestead.com,5,NEW
10000003,2020-04-05,2020-04-23,Radnage,192.242.46.77,fradnage2@google.com.hk,5,NEW
10000005,2020-04-05,2020-04-18,Potticary,209.93.207.176,bpotticary3@buzzfeed.com,4,NEW
10000006,2020-04-05,2020-04-25,Morad,123.149.159.160,mmorad4@spotify.com,2,NEW
10000007,2020-03-27,2020-04-16,Harby,170.84.254.65,fharby5@paginegialle.it,2,NEW
10000008,2020-03-17,2020-04-13,Hamber,149.150.123.246,rhamber6@flickr.com,3,NEW
10000009,2020-03-16,2020-04-18,Taplow,179.23.35.6,ataplow7@wikia.com,5,NEW
10000010,2020-04-03,2020-04-16,Gladdolph,15.230.132.198,bgladdolph8@oakley.com,3,NEW
10000011,2020-03-18,2020-04-13,Rowlings,208.155.205.186,prowlings9@cafepress.com,4,NEW
10000012,2020-03-31,2020-04-21,Reddle,137.3.133.253,lreddlea@hao123.com,4,NEW
10000013,2020-03-26,2020-04-21,Streat,171.66.105.145,rstreatb@taobao.com,5,NEW
10000014,2020-03-29,2020-04-18,Teaz,70.240.86.82,ateazc@google.nl,5,NEW
10000015,2020-03-30,2020-04-13,Plumridge,159.99.193.204,aplumridged@nymag.com,4,NEW
10000016,2020-03-30,2020-04-27,Clymo,57.157.222.188,oclymoe@zimbio.com,3,NEW
10000017,2020-03-23,2020-04-29,Oblein,163.71.65.199,aobleinf@acquirethisname.com,1,NEW
10000018,2020-03-30,2020-04-28,Matissoff,123.164.148.229,ematissoffg@adobe.com,4,NEW
10000019,2020-04-07,2020-04-18,Salla,145.144.154.148,fsallah@exblog.jp,1,NEW
10000021,2020-04-01,2020-04-15,Cronshaw,213.146.232.169,gcronshawi@boston.com,5,NEW
10000023,2020-03-22,2020-04-13,Spybey,66.137.130.109,lspybeyj@ycombinator.com,1,NEW
10000024,2020-03-21,2020-04-16,Fritche,157.200.70.0,lfritchek@blog.com,2,NEW
10000025,2020-03-23,2020-04-25,Olivello,129.211.58.53,tolivellol@ow.ly,1,NEW
10000026,2020-04-02,2020-04-18,Garfath,131.218.254.5,hgarfathm@sun.com,5,NEW
10000027,2020-03-18,2020-04-18,Sidey,196.189.162.116,esideyn@hhs.gov,1,NEW
10000028,2020-04-05,2020-04-14,Garstan,169.107.4.39,fgarstano@arstechnica.com,5,NEW
10000029,2020-03-21,2020-04-28,Willans,71.192.176.238,dwillansp@multiply.com,5,NEW
10000030,2020-03-16,2020-04-22,Tomini,206.27.126.55,btominiq@behance.net,1,NEW
10000031,2020-03-26,2020-04-27,Elcott,194.124.96.14,pelcottr@theatlantic.com,4,NEW
10000032,2020-03-17,2020-04-29,Dechelle,141.118.15.34,ddechelles@geocities.com,3,NEW
10000033,2020-04-09,2020-04-27,Shakspeare,78.192.115.110,mshakspearet@forbes.com,1,NEW
10000034,2020-04-07,2020-04-18,Wittey,243.231.142.239,twitteyu@skype.com,5,NEW
10000035,2020-03-18,2020-04-18,Queenborough,19.17.159.221,yqueenboroughv@washington.edu,5,NEW
10000036,2020-04-07,2020-04-19,Dean,19.126.4.127,odeanw@si.edu,3,NEW
10000037,2020-03-17,2020-04-17,Covendon,167.69.105.234,lcovendonx@biglobe.ne.jp,4,NEW
10000038,2020-03-27,2020-04-23,Tumioto,189.116.80.242,mtumiotoy@ca.gov,3,NEW
10000039,2020-04-07,2020-04-25,Ellaman,226.202.26.28,aellamanz@blinklist.com,2,NEW
10000040,2020-04-01,2020-04-25,Concannon,206.77.45.0,sconcannon10@storify.com,3,NEW
10000041,2020-03-20,2020-04-29,Spadeck,106.131.229.201,cspadeck11@storify.com,4,NEW
10000042,2020-03-26,2020-04-13,Greensite,89.115.103.46,hgreensite12@free.fr,4,NEW
10000043,2020-04-04,2020-04-11,Vidler,154.5.52.123,evidler13@va.gov,3,NEW
10000044,2020-04-05,2020-04-25,Drivers,116.240.61.33,gdrivers14@google.ca,2,NEW
10000047,2020-03-26,2020-04-23,Biagioni,6.57.234.118,rbiagioni15@qq.com,2,NEW
10000048,2020-03-25,2020-04-20,Hurrion,110.216.202.161,jhurrion16@tmall.com,2,NEW
10000049,2020-03-29,2020-04-19,Blackney,172.118.39.195,cblackney17@craigslist.org,4,NEW
10000050,2020-04-01,2020-04-17,Van der Merwe,78.144.14.134,mvandermerwe18@nymag.com,3,NEW
10000051,2020-03-23,2020-04-14,Le Grice,95.62.179.26,elegrice19@jimdo.com,5,NEW
10000052,2020-03-22,2020-04-23,Trendle,210.123.162.255,wtrendle1a@zdnet.com,2,NEW
10000053,2020-03-31,2020-04-17,Rawes,128.7.151.44,grawes1b@zdnet.com,1,NEW
10000054,2020-03-30,2020-04-20,Andino,213.206.156.33,mandino1c@youtu.be,4,NEW
10000055,2020-04-05,2020-04-20,Couling,116.184.39.87,ccouling1d@plala.or.jp,3,NEW
10000056,2020-03-25,2020-04-21,Pickvance,89.252.248.152,gpickvance1e@ebay.com,3,NEW
10000057,2020-03-28,2020-04-27,Stafford,173.190.152.105,bstafford1f@ibm.com,4,NEW
10000058,2020-03-25,2020-04-13,Yousef,231.183.216.104,ayousef1g@reverbnation.com,5,NEW
10000059,2020-04-01,2020-04-21,Cookson,146.188.182.82,pcookson1h@g.co,3,NEW
10000061,2020-03-19,2020-04-27,Vann,9.85.241.239,avann1i@ask.com,4,NEW
10000062,2020-04-03,2020-04-29,Northey,206.103.20.192,lnorthey1j@cpanel.net,2,NEW
10000063,2020-04-04,2020-04-16,Storrock,143.249.255.149,estorrock1k@guardian.co.uk,3,NEW
10000064,2020-04-01,2020-04-16,Truce,210.166.230.188,atruce1l@google.co.uk,2,NEW
10000065,2020-03-31,2020-04-22,Canas,160.102.138.248,mcanas1m@redcross.org,1,NEW
10000066,2020-03-28,2020-04-14,Pelling,225.250.45.208,rpelling1n@sohu.com,1,NEW
10000067,2020-04-08,2020-04-21,Ashfield,142.209.152.251,lashfield1o@bloglovin.com,5,NEW
10000068,2020-04-02,2020-04-15,Evered,61.90.12.217,zevered1p@japanpost.jp,2,NEW
10000069,2020-03-29,2020-04-23,Petty,229.134.85.84,rpetty1q@google.com,2,NEW
10000070,2020-04-07,2020-04-18,Lancett,135.255.213.182,nlancett1r@marketwatch.com,2,NEW
10000072,2020-04-07,2020-04-25,Schrieves,15.61.98.158,tschrieves1s@illinois.edu,2,NEW
10000073,2020-04-07,2020-04-23,Finlow,208.102.159.121,dfinlow1t@bloglovin.com,3,NEW
10000074,2020-03-29,2020-04-28,Vardy,112.80.150.210,lvardy1u@google.nl,4,NEW
10000075,2020-03-18,2020-04-20,Fenn,117.140.52.131,sfenn1v@state.tx.us,2,NEW
10000076,2020-03-31,2020-04-18,Guerriero,74.86.113.209,rguerriero1w@tinyurl.com,2,NEW
10000078,2020-04-06,2020-04-19,Bartod,66.210.86.232,pbartod1x@samsung.com,2,NEW
10000079,2020-03-28,2020-04-11,Iremonger,215.135.178.20,firemonger1y@pcworld.com,5,NEW
10000080,2020-03-27,2020-04-18,Postins,236.250.231.153,vpostins1z@naver.com,1,NEW
10000081,2020-04-08,2020-04-21,Linsay,253.228.56.137,clinsay20@blogtalkradio.com,4,NEW
10000082,2020-03-29,2020-04-24,Wedge,209.164.152.98,bwedge21@guardian.co.uk,2,NEW
10000083,2020-03-22,2020-04-26,Mecozzi,227.52.135.124,dmecozzi22@si.edu,1,NEW
10000084,2020-04-02,2020-04-14,Balcock,170.101.24.140,lbalcock23@about.com,2,NEW
10000085,2020-03-23,2020-04-21,Belfitt,95.200.147.182,lbelfitt24@godaddy.com,2,NEW
10000086,2020-03-23,2020-04-16,Symcoxe,2.30.6.170,fsymcoxe25@dagondesign.com,5,NEW
10000087,2020-03-17,2020-04-13,Maccrae,184.34.174.152,kmaccrae26@pbs.org,2,NEW
10000088,2020-03-24,2020-04-16,Friday,223.121.61.243,lfriday27@intel.com,1,NEW
10000089,2020-04-05,2020-04-21,Andersen,166.206.118.64,vandersen28@hugedomains.com,2,NEW
10000090,2020-04-09,2020-04-26,Audritt,44.3.151.138,saudritt29@comcast.net,5,NEW
10000091,2020-03-31,2020-04-18,Ehlerding,12.243.112.172,jehlerding2a@istockphoto.com,4,NEW
10000092,2020-04-01,2020-04-18,Belham,71.223.148.16,tbelham2b@sohu.com,5,NEW
10000093,2020-03-20,2020-04-18,Wray,224.37.232.138,jwray2c@sina.com.cn,3,NEW
10000094,2020-03-26,2020-04-19,Ulster,208.141.163.136,pulster2d@dion.ne.jp,1,NEW
10000095,2020-03-24,2020-04-12,Zuker,39.190.130.138,azuker2e@army.mil,1,NEW
10000096,2020-03-16,2020-04-21,Scirman,252.41.69.240,dscirman2f@yolasite.com,2,NEW
10000097,2020-03-22,2020-04-24,Lafford,206.177.126.18,mlafford2g@goo.gl,4,NEW
10000098,2020-03-17,2020-04-11,Benoist,124.0.10.172,sbenoist2h@umn.edu,1,NEW
10000099,2020-03-27,2020-04-28,Laurentin,87.151.223.155,glaurentin2i@jigsy.com,5,NEW
10000100,2020-03-16,2020-04-13,Hanlon,163.84.216.254,vhanlon2j@adobe.com,4,NEW
10000101,2020-03-19,2020-04-23,Yashunin,81.227.27.17,gyashunin2k@dedecms.com,3,NEW
10000102,2020-04-08,2020-04-25,Pays,146.226.47.73,hpays2l@hc360.com,5,NEW
10000103,2020-03-28,2020-04-21,Brandenberg,99.177.226.97,rbrandenberg2m@craigslist.org,2,NEW
10000104,2020-04-06,2020-04-17,Ainsbury,58.152.156.10,bainsbury2n@elpais.com,1,NEW
10000105,2020-04-09,2020-04-25,Denney,100.31.1.204,bdenney2o@google.es,2,NEW
10000106,2020-03-20,2020-04-16,Bramble,106.168.249.182,gbramble2p@nature.com,1,NEW
10000107,2020-03-23,2020-04-22,Bayns,175.226.214.18,ebayns2q@salon.com,3,NEW
10000108,2020-04-04,2020-04-20,Scattergood,221.62.53.77,mscattergood2r@who.int,5,NEW
10000109,2020-04-01,2020-04-13,Wynrehame,103.94.92.61,lwynrehame2s@mayoclinic.com,4,NEW
10000110,2020-04-09,2020-04-25,Smitham,186.222.154.129,asmitham2t@myspace.com,5,NEW
10000111,2020-03-20,2020-04-17,Domelaw,10.94.203.136,rdomelaw2u@ucla.edu,4,NEW
10000112,2020-03-16,2020-04-11,McQuillan,196.79.243.198,smcquillan2v@cbsnews.com,5,NEW
10000113,2020-03-26,2020-04-24,Meharg,210.192.49.197,tmeharg2w@lycos.com,5,NEW
10000114,2020-03-27,2020-04-19,Sydenham,89.14.246.173,bsydenham2x@amazon.com,4,NEW
10000115,2020-04-08,2020-04-21,Stratiff,206.253.8.192,dstratiff2y@nps.gov,5,NEW
10000117,2020-03-23,2020-04-21,Shucksmith,17.228.126.204,pshucksmith2z@sun.com,3,NEW
10000118,2020-03-21,2020-04-18,Kupke,113.167.124.37,ckupke30@sun.com,4,NEW
10000119,2020-03-22,2020-04-19,Avarne,47.182.237.112,gavarne31@geocities.com,3,NEW
10000120,2020-04-09,2020-04-29,Reubens,156.255.12.97,freubens32@goo.gl,4,NEW
10000121,2020-04-06,2020-04-12,Gaiford,249.253.219.3,agaiford33@hc360.com,4,NEW
10000122,2020-03-21,2020-04-27,Graveney,17.176.177.196,ggraveney34@a8.net,4,NEW
10000123,2020-03-26,2020-04-28,Nolda,99.149.57.199,jnolda35@domainmarket.com,3,NEW
10000124,2020-04-01,2020-04-13,Sneezum,170.54.134.249,osneezum36@cdbaby.com,4,NEW
10000125,2020-03-24,2020-04-16,Emerton,41.0.16.101,lemerton37@sciencedaily.com,3,NEW
10000126,2020-04-03,2020-04-22,Kerridge,30.188.200.142,dkerridge38@dropbox.com,4,NEW
10000128,2020-03-21,2020-04-20,Breckenridge,29.186.98.86,cbreckenridge39@census.gov,3,NEW
10000129,2020-03-27,2020-04-14,Blackney,136.154.72.162,ablackney3a@vimeo.com,3,NEW
10000130,2020-04-01,2020-04-27,Bellerby,73.38.103.224,gbellerby3b@google.de,4,NEW
10000131,2020-03-20,2020-04-20,Metschke,98.125.140.44,dmetschke3c@ning.com,1,NEW
10000132,2020-04-07,2020-04-16,Brosio,201.221.200.39,gbrosio3d@4shared.com,3,NEW
10000133,2020-04-01,2020-04-15,Towler,0.141.42.108,htowler3e@dmoz.org,2,NEW
10000134,2020-03-26,2020-04-23,Sabater,30.159.71.140,bsabater3f@hubpages.com,5,NEW
10000135,2020-03-30,2020-04-19,Dover,58.155.31.60,hdover3g@jalbum.net,5,NEW
10000136,2020-04-01,2020-04-19,Franseco,95.251.214.22,dfranseco3h@smugmug.com,3,NEW
10000137,2020-03-18,2020-04-12,Capeling,188.161.24.47,gcapeling3i@fc2.com,3,NEW
10000138,2020-03-19,2020-04-24,Mallock,147.137.215.124,gmallock3j@networkadvertising.org,1,NEW
10000139,2020-03-25,2020-04-18,Kleinstub,13.230.110.19,mkleinstub3k@amazon.com,4,NEW
10000140,2020-03-30,2020-04-11,Havile,201.144.252.60,shavile3l@163.com,3,NEW
10000141,2020-04-02,2020-04-20,Scoles,167.162.165.133,ascoles3m@umn.edu,4,NEW
10000142,2020-03-17,2020-04-29,Braitling,244.247.82.123,jbraitling3n@freewebs.com,3,NEW
10000143,2020-04-09,2020-04-19,Bowdidge,124.249.108.163,hbowdidge3o@drupal.org,1,NEW
10000144,2020-04-01,2020-04-29,Brabham,149.58.210.171,kbrabham3p@state.tx.us,3,NEW
10000145,2020-03-17,2020-04-13,Yushmanov,14.113.248.149,nyushmanov3q@elegantthemes.com,5,NEW
10000146,2020-03-18,2020-04-25,Minto,184.77.88.125,cminto3r@sfgate.com,2,NEW
10000147,2020-04-04,2020-04-21,Stracey,116.28.186.214,estracey3s@eventbrite.com,4,NEW
10000148,2020-03-29,2020-04-21,de Bullion,110.91.108.207,idebullion3t@cbslocal.com,4,NEW
10000149,2020-03-17,2020-04-16,Mathers,167.251.82.228,mmathers3u@blogtalkradio.com,5,NEW
10000150,2020-04-04,2020-04-25,Stotherfield,75.244.78.205,dstotherfield3v@amazon.co.jp,3,NEW
10000151,2020-04-04,2020-04-24,Pawlicki,132.154.101.73,bpawlicki3w@amazonaws.com,5,NEW
10000152,2020-03-24,2020-04-29,Gullyes,112.16.74.207,bgullyes3x@unicef.org,3,NEW
10000153,2020-03-17,2020-04-11,Bottlestone,72.241.54.22,rbottlestone3y@freewebs.com,4,NEW
10000156,2020-03-16,2020-04-16,Skoof,141.87.133.16,nskoof3z@google.fr,3,NEW
10000157,2020-04-08,2020-04-12,Benedetti,93.36.230.87,dbenedetti40@patch.com,1,NEW
10000158,2020-04-04,2020-04-14,Du Hamel,39.84.95.127,dduhamel41@google.nl,4,NEW
10000159,2020-04-04,2020-04-23,Provis,54.195.180.144,mprovis42@myspace.com,1,NEW
10000160,2020-03-26,2020-04-27,Laurisch,82.125.44.191,mlaurisch43@ftc.gov,3,NEW
10000161,2020-04-03,2020-04-23,Grooby,175.104.219.67,igrooby44@php.net,2,NEW
10000162,2020-03-18,2020-04-16,Mingotti,90.208.201.28,tmingotti45@economist.com,5,NEW
10000163,2020-03-23,2020-04-13,Ailmer,103.158.201.180,tailmer46@cornell.edu,2,NEW
10000164,2020-04-07,2020-04-25,Potapczuk,1.250.3.85,kpotapczuk47@csmonitor.com,4,NEW
10000165,2020-04-07,2020-04-26,August,114.158.194.98,waugust48@livejournal.com,2,NEW
10000166,2020-03-19,2020-04-19,Graalman,190.17.241.96,kgraalman49@xrea.com,2,NEW
10000167,2020-03-27,2020-04-13,Ducarne,226.27.64.226,sducarne4a@yale.edu,4,NEW
10000168,2020-03-28,2020-04-27,Zebedee,40.18.6.244,mzebedee4b@paypal.com,1,NEW
10000169,2020-04-07,2020-04-12,Gerred,32.69.11.214,bgerred4c@issuu.com,5,NEW
10000170,2020-03-21,2020-04-29,Michelotti,47.38.25.183,smichelotti4d@nature.com,2,NEW
10000171,2020-03-30,2020-04-29,Waskett,67.39.35.237,kwaskett4e@imageshack.us,3,NEW
10000172,2020-04-05,2020-04-23,Baack,246.223.118.248,ebaack4f@uiuc.edu,3,NEW
10000173,2020-03-25,2020-04-13,Cockroft,238.45.17.178,ncockroft4g@discovery.com,1,NEW
10000174,2020-03-19,2020-04-16,Janks,13.5.95.140,djanks4h@dmoz.org,4,NEW
10000175,2020-03-28,2020-04-18,OIlier,164.182.34.160,koilier4i@w3.org,1,NEW
10000176,2020-04-01,2020-04-28,Covert,120.252.207.45,acovert4j@nps.gov,5,NEW
10000177,2020-04-03,2020-04-19,Brecken,73.162.172.178,rbrecken4k@google.com,1,NEW
10000178,2020-03-21,2020-04-23,Fortoun,71.185.229.146,rfortoun4l@is.gd,5,NEW
10000179,2020-03-27,2020-04-23,Eggleston,187.109.13.85,oeggleston4m@fastcompany.com,5,NEW
10000180,2020-03-25,2020-04-14,Witts,21.233.145.243,mwitts4n@patch.com,4,NEW
10000181,2020-03-23,2020-04-18,Chattey,67.100.183.137,mchattey4o@edublogs.org,1,NEW
10000182,2020-03-16,2020-04-25,Summerskill,120.239.229.109,asummerskill4p@omniture.com,3,NEW
10000183,2020-03-27,2020-04-12,Coghlin,160.119.24.167,ecoghlin4q@prnewswire.com,2,NEW
10000184,2020-04-02,2020-04-24,Emilien,35.203.172.213,remilien4r@netvibes.com,4,NEW
10000185,2020-03-31,2020-04-19,Kovelmann,209.220.95.151,kkovelmann4s@instagram.com,4,NEW
10000186,2020-03-27,2020-04-15,Preto,211.183.62.87,jpreto4t@smugmug.com,4,NEW
10000187,2020-03-21,2020-04-16,Sotheby,104.155.65.176,csotheby4u@dyndns.org,3,NEW
10000188,2020-03-27,2020-04-11,Oggers,208.113.107.87,goggers4v@mtv.com,4,NEW
10000189,2020-04-05,2020-04-15,Styles,110.34.12.88,jstyles4w@mozilla.org,1,NEW
10000190,2020-04-08,2020-04-26,Vials,215.18.10.167,ivials4x@princeton.edu,5,NEW
10000191,2020-03-23,2020-04-15,Harbord,233.113.247.86,kharbord4y@hhs.gov,3,NEW
10000192,2020-03-26,2020-04-13,Billingsley,71.3.208.37,nbillingsley4z@mlb.com,1,NEW
10000193,2020-04-04,2020-04-19,Danniell,82.140.39.132,cdanniell50@cafepress.com,1,NEW
10000194,2020-04-04,2020-04-26,Eskriet,181.228.155.49,aeskriet51@bravesites.com,2,NEW
10000195,2020-03-18,2020-04-28,Habeshaw,65.136.171.42,mhabeshaw52@example.com,2,NEW
10000197,2020-03-24,2020-04-19,Simpson,42.40.236.0,ksimpson53@newsvine.com,4,NEW
10000198,2020-03-16,2020-04-12,Goldup,202.84.204.189,lgoldup54@ucla.edu,3,NEW
10000199,2020-04-02,2020-04-25,McIlwain,122.97.3.8,hmcilwain55@usda.gov,3,NEW
10000200,2020-03-19,2020-04-23,Bilsland,60.249.65.247,hbilsland56@cloudflare.com,3,NEW
10000201,2020-03-28,2020-04-15,Van Der Hoog,29.197.107.213,avanderhoog57@goo.gl,2,NEW
10000202,2020-04-03,2020-04-29,Natte,78.170.126.221,tnatte58@fc2.com,4,NEW
10000203,2020-04-01,2020-04-18,Lewendon,151.39.242.150,llewendon59@bloglovin.com,3,NEW
10000204,2020-04-02,2020-04-13,Gresham,40.211.124.136,cgresham5a@friendfeed.com,3,NEW
10000205,2020-03-16,2020-04-14,Longfield,11.13.90.111,plongfield5b@livejournal.com,4,NEW
10000206,2020-03-18,2020-04-14,Ringsell,42.239.27.138,tringsell5c@deliciousdays.com,1,NEW
10000207,2020-04-09,2020-04-27,Clemenza,130.198.140.118,jclemenza5d@dedecms.com,5,NEW
10000208,2020-03-26,2020-04-13,Daniello,219.33.9.253,hdaniello5e@eventbrite.com,3,NEW
10000209,2020-03-31,2020-04-14,Howett,22.178.176.83,showett5f@soup.io,4,NEW
10000210,2020-04-02,2020-04-18,Feldstein,71.132.234.87,afeldstein5g@last.fm,3,NEW
10000211,2020-03-24,2020-04-24,Markovich,128.21.118.119,gmarkovich5h@sakura.ne.jp,3,NEW
10000212,2020-03-16,2020-04-16,Marfield,69.180.97.235,zmarfield5i@geocities.com,3,NEW
10000213,2020-03-19,2020-04-14,Adolfson,87.7.204.55,radolfson5j@blogs.com,3,NEW
10000214,2020-03-16,2020-04-18,Ellacombe,253.7.245.70,jellacombe5k@arizona.edu,4,NEW
10000215,2020-04-01,2020-04-12,Sybe,44.137.175.249,asybe5l@toplist.cz,5,NEW
10000217,2020-03-29,2020-04-29,Sapauton,96.81.18.94,hsapauton5m@cnbc.com,5,NEW
10000218,2020-04-01,2020-04-17,Artiss,155.242.137.20,iartiss5n@reverbnation.com,5,NEW
10000219,2020-03-24,2020-04-16,Barton,22.168.162.93,sbarton5o@pcworld.com,2,NEW
10000220,2020-04-03,2020-04-13,Blondelle,42.52.134.16,dblondelle5p@youku.com,2,NEW
10000221,2020-03-28,2020-04-13,Gajewski,203.82.141.25,lgajewski5q@home.pl,2,NEW
10000222,2020-03-29,2020-04-29,Goodlatt,35.149.100.225,pgoodlatt5r@economist.com,5,NEW
10000223,2020-03-20,2020-04-12,Pelzer,137.192.224.192,apelzer5s@ucoz.ru,3,NEW
10000224,2020-03-16,2020-04-29,O'Doohaine,88.201.18.89,bodoohaine5t@jimdo.com,1,NEW
10000225,2020-03-27,2020-04-17,Connue,139.38.253.216,cconnue5u@weebly.com,3,NEW
10000226,2020-03-25,2020-04-20,Gilfoyle,164.225.12.158,egilfoyle5v@wufoo.com,3,NEW
10000227,2020-04-01,2020-04-25,Blare,18.197.1.197,kblare5w@ted.com,1,NEW
10000228,2020-03-17,2020-04-27,Hanley,78.35.181.74,fhanley5x@ezinearticles.com,4,NEW
10000229,2020-04-02,2020-04-12,Tacey,54.52.139.204,ktacey5y@upenn.edu,4,NEW
10000230,2020-04-06,2020-04-28,Ironmonger,48.213.88.61,mironmonger5z@odnoklassniki.ru,5,NEW
10000231,2020-03-23,2020-04-16,Cubbon,72.155.90.145,fcubbon60@4shared.com,3,NEW
10000232,2020-03-28,2020-04-29,Bhatia,193.169.235.201,dbhatia61@wsj.com,4,NEW
10000233,2020-04-04,2020-04-15,Lumby,214.120.32.166,dlumby62@msn.com,4,NEW
10000235,2020-03-20,2020-04-19,Peres,3.214.241.51,jperes63@booking.com,2,NEW
10000236,2020-03-22,2020-04-29,McHenry,248.113.105.38,emchenry64@mozilla.com,3,NEW
10000237,2020-03-16,2020-04-29,Wonter,241.108.87.218,swonter65@ifeng.com,5,NEW
10000238,2020-03-23,2020-04-20,Tinston,50.67.131.146,gtinston66@wiley.com,2,NEW
10000239,2020-03-30,2020-04-27,Dwerryhouse,95.99.40.97,cdwerryhouse67@squidoo.com,2,NEW
10000240,2020-04-06,2020-04-22,Christofor,60.23.228.110,echristofor68@unesco.org,2,NEW
10000241,2020-03-19,2020-04-27,Crilley,114.191.74.88,kcrilley69@cbc.ca,1,NEW
10000242,2020-04-09,2020-04-28,Zelley,220.129.222.230,rzelley6a@cisco.com,4,NEW
10000243,2020-03-18,2020-04-24,Dugget,60.103.168.140,ddugget6b@icq.com,1,NEW
10000244,2020-04-08,2020-04-17,Meaddowcroft,169.120.237.34,tmeaddowcroft6c@prlog.org,2,NEW
10000245,2020-03-19,2020-04-21,Ferrige,209.184.174.104,dferrige6d@samsung.com,4,NEW
10000246,2020-03-23,2020-04-11,Assiter,8.194.112.146,wassiter6e@altervista.org,3,NEW
10000247,2020-04-01,2020-04-15,Burhouse,98.159.124.7,aburhouse6f@google.co.jp,1,NEW
10000248,2020-04-07,2020-04-17,Mallebone,83.225.127.93,smallebone6g@xing.com,1,NEW
10000249,2020-03-25,2020-04-29,Bofield,124.154.150.227,bbofield6h@discuz.net,3,NEW
10000250,2020-04-08,2020-04-25,Stribling,39.105.112.163,bstribling6i@oaic.gov.au,1,NEW
10000251,2020-04-07,2020-04-27,Luna,21.78.90.242,aluna6j@sourceforge.net,5,NEW
10000252,2020-04-05,2020-04-20,Jammet,14.9.113.236,rjammet6k@shareasale.com,5,NEW
10000253,2020-03-23,2020-04-29,Keslake,126.54.188.54,hkeslake6l@friendfeed.com,4,NEW
10000254,2020-04-04,2020-04-19,Peggram,63.171.82.82,cpeggram6m@163.com,5,NEW
10000255,2020-03-18,2020-04-16,Pay,158.246.244.99,zpay6n@wufoo.com,2,NEW
10000256,2020-03-31,2020-04-22,Durdy,88.107.91.117,adurdy6o@imageshack.us,4,NEW
10000257,2020-04-06,2020-04-15,Bonas,232.44.188.217,abonas6p@cbsnews.com,2,NEW
10000258,2020-04-01,2020-04-28,Kringe,202.255.127.23,jkringe6q@gov.uk,5,NEW
10000260,2020-03-23,2020-04-20,Mocher,104.123.67.59,tmocher6r@deliciousdays.com,4,NEW
10000261,2020-04-06,2020-04-23,Brant,67.139.109.3,bbrant6s@time.com,2,NEW
10000262,2020-04-05,2020-04-19,Hauck,221.216.24.25,fhauck6t@bing.com,5,NEW
10000263,2020-03-26,2020-04-14,Rossant,6.64.146.139,brossant6u@e-recht24.de,5,NEW
10000264,2020-03-31,2020-04-12,Rex,208.121.204.37,drex6v@acquirethisname.com,2,NEW
10000265,2020-03-24,2020-04-25,Donett,215.235.98.237,rdonett6w@foxnews.com,2,NEW
10000266,2020-03-18,2020-04-15,Tiernan,204.204.193.75,ytiernan6x@rambler.ru,2,NEW
10000267,2020-04-08,2020-04-15,Embra,185.10.103.37,bembra6y@adobe.com,1,NEW
10000268,2020-03-29,2020-04-15,Stivani,169.37.142.201,astivani6z@geocities.jp,1,NEW
10000269,2020-04-03,2020-04-19,O' Faherty,242.73.133.151,hofaherty70@unblog.fr,1,NEW
10000270,2020-03-28,2020-04-19,Caskie,40.23.150.195,ocaskie71@ibm.com,5,NEW
10000271,2020-03-26,2020-04-17,Nudds,117.166.161.107,cnudds72@bbc.co.uk,5,NEW
10000272,2020-04-02,2020-04-24,Pedro,165.22.161.173,wpedro73@accuweather.com,4,NEW
10000273,2020-03-23,2020-04-21,Hadcock,102.115.208.167,mhadcock74@eventbrite.com,1,NEW
10000274,2020-03-17,2020-04-11,Trevaskiss,122.247.93.197,etrevaskiss75@infoseek.co.jp,4,NEW
10000275,2020-03-31,2020-04-16,Andriolli,198.144.203.10,bandriolli76@acquirethisname.com,5,NEW
10000276,2020-03-19,2020-04-13,McGeffen,112.117.34.89,gmcgeffen77@aol.com,2,NEW
10000277,2020-03-18,2020-04-27,Sowerbutts,227.242.221.78,csowerbutts78@netvibes.com,5,NEW
10000278,2020-03-18,2020-04-21,Tunna,199.82.147.81,ntunna79@fda.gov,5,NEW
10000279,2020-03-30,2020-04-28,Stoyle,9.154.9.236,kstoyle7a@unicef.org,3,NEW
10000280,2020-04-06,2020-04-25,Biernacki,165.127.82.165,mbiernacki7b@t-online.de,1,NEW
10000281,2020-04-07,2020-04-28,Desson,123.195.240.241,sdesson7c@pagesperso-orange.fr,5,NEW
10000282,2020-04-03,2020-04-14,Redmell,205.96.149.239,rredmell7d@eventbrite.com,5,NEW
10000283,2020-03-17,2020-04-13,Cavanaugh,86.192.93.249,ccavanaugh7e@yolasite.com,1,NEW
10000284,2020-04-09,2020-04-28,Lidgley,185.192.62.168,slidgley7f@reddit.com,5,NEW
10000285,2020-03-24,2020-04-17,Axe,22.193.23.142,taxe7g@is.gd,2,NEW
10000286,2020-04-07,2020-04-28,Patek,38.167.101.64,apatek7h@slashdot.org,3,NEW
10000287,2020-04-08,2020-04-13,Greg,204.179.138.58,egreg7i@cnn.com,4,NEW
10000288,2020-03-26,2020-04-20,Moorman,16.20.255.249,mmoorman7j@indiatimes.com,5,NEW
10000289,2020-04-01,2020-04-26,Mourant,246.228.35.65,amourant7k@opera.com,5,NEW
10000290,2020-03-29,2020-04-16,Fordham,191.106.244.35,gfordham7l@hugedomains.com,2,NEW
10000291,2020-03-24,2020-04-14,Kurth,134.12.136.106,ckurth7m@europa.eu,2,NEW
10000292,2020-04-02,2020-04-18,McAvin,233.149.248.115,smcavin7n@ifeng.com,2,NEW
10000293,2020-03-21,2020-04-15,Clampe,83.242.153.140,aclampe7o@rambler.ru,3,NEW
10000294,2020-04-08,2020-04-27,Filyakov,246.77.229.161,jfilyakov7p@csmonitor.com,3,NEW
10000295,2020-04-06,2020-04-19,Easum,16.197.75.72,geasum7q@icio.us,3,NEW
10000296,2020-04-04,2020-04-26,Wemyss,79.213.14.91,mwemyss7r@quantcast.com,4,NEW
10000297,2020-03-16,2020-04-20,Dragon,4.63.178.11,bdragon7s@dailymotion.com,5,NEW
10000298,2020-03-26,2020-04-22,Lorey,107.27.236.115,glorey7t@typepad.com,3,NEW
10000299,2020-04-07,2020-04-14,Corben,44.164.222.56,acorben7u@adobe.com,3,NEW
10000300,2020-03-22,2020-04-16,Yve,16.94.244.239,jyve7v@nytimes.com,1,NEW
10000301,2020-04-04,2020-04-25,Isakowicz,33.194.189.227,wisakowicz7w@youtu.be,5,NEW
10000303,2020-03-27,2020-04-21,Clowley,205.101.11.243,cclowley7x@businessweek.com,4,NEW
10000304,2020-04-08,2020-04-20,Washington,175.17.134.148,gwashington7y@de.vu,3,NEW
10000305,2020-04-07,2020-04-14,Colbeck,44.223.188.137,dcolbeck7z@youtu.be,1,NEW
10000307,2020-03-20,2020-04-12,Glasbey,243.218.132.100,eglasbey80@pen.io,3,NEW
10000308,2020-04-02,2020-04-17,Muirhead,173.49.225.231,tmuirhead81@shareasale.com,4,NEW
10000309,2020-03-16,2020-04-20,Matts,103.201.198.125,hmatts82@naver.com,2,NEW
10000310,2020-03-16,2020-04-21,Blasgen,181.120.171.84,bblasgen83@disqus.com,1,NEW
10000311,2020-04-09,2020-04-28,Lifton,90.222.160.233,dlifton84@nasa.gov,2,NEW
10000312,2020-04-04,2020-04-19,Mcasparan,241.135.16.98,wmcasparan85@simplemachines.org,1,NEW
10000313,2020-04-01,2020-04-29,Beveridge,34.137.132.140,tbeveridge86@surveymonkey.com,2,NEW
10000314,2020-03-27,2020-04-18,Winkett,154.99.44.147,swinkett87@nydailynews.com,2,NEW
10000315,2020-04-09,2020-04-21,de Vaen,122.90.11.124,rdevaen88@csmonitor.com,3,NEW
10000316,2020-04-01,2020-04-11,Gellion,202.123.30.95,egellion89@cocolog-nifty.com,4,NEW
10000317,2020-03-24,2020-04-16,Fourmy,52.116.104.207,cfourmy8a@icq.com,4,NEW
10000318,2020-03-19,2020-04-28,Mundee,224.94.177.173,cmundee8b@mysql.com,4,NEW
10000319,2020-03-18,2020-04-14,Ridgway,47.254.117.144,mridgway8c@istockphoto.com,3,NEW
10000320,2020-04-06,2020-04-16,Lark,177.225.235.39,ilark8d@pinterest.com,4,NEW
10000321,2020-03-21,2020-04-21,Roscam,40.60.138.79,broscam8e@sciencedirect.com,5,NEW
10000322,2020-03-24,2020-04-19,Boatman,203.103.60.47,hboatman8f@sphinn.com,3,NEW
10000323,2020-04-04,2020-04-23,Lowensohn,47.155.171.47,olowensohn8g@devhub.com,5,NEW
10000324,2020-03-16,2020-04-24,Conelly,140.165.209.219,bconelly8h@google.ru,5,NEW
10000325,2020-03-21,2020-04-11,Southby,98.164.131.182,tsouthby8i@statcounter.com,4,NEW
10000326,2020-04-09,2020-04-21,Langshaw,81.136.116.62,klangshaw8j@csmonitor.com,4,NEW
10000327,2020-04-05,2020-04-27,Silvester,254.121.198.132,asilvester8k@seesaa.net,2,NEW
10000328,2020-03-24,2020-04-15,Walkowski,36.217.198.89,cwalkowski8l@gizmodo.com,3,NEW
10000329,2020-03-16,2020-04-11,Rikel,119.160.215.74,mrikel8m@typepad.com,4,NEW
10000330,2020-03-29,2020-04-18,Cayser,72.253.5.119,gcayser8n@independent.co.uk,3,NEW
10000331,2020-04-04,2020-04-14,Gatheral,93.10.75.141,jgatheral8o@so-net.ne.jp,1,NEW
10000332,2020-03-16,2020-04-29,Dallon,94.163.220.45,rdallon8p@webs.com,2,NEW
10000333,2020-03-26,2020-04-21,Berka,62.63.184.116,aberka8q@techcrunch.com,1,NEW
10000334,2020-03-21,2020-04-15,Witcombe,197.139.32.68,dwitcombe8r@yale.edu,5,NEW
10000335,2020-03-26,2020-04-26,Sonnenschein,89.221.203.172,dsonnenschein8s@topsy.com,3,NEW
10000336,2020-03-21,2020-04-11,Leonard,206.28.29.185,eleonard8t@who.int,5,NEW
10000337,2020-04-02,2020-04-18,Culkin,19.218.63.212,rculkin8u@last.fm,1,NEW
10000338,2020-03-23,2020-04-17,Doelle,180.74.73.75,bdoelle8v@cmu.edu,3,NEW
10000339,2020-04-09,2020-04-17,Dowrey,95.148.74.223,gdowrey8w@dell.com,4,NEW
10000340,2020-04-08,2020-04-21,Favill,47.83.70.178,dfavill8x@bandcamp.com,5,NEW
10000341,2020-03-25,2020-04-15,Maude,234.73.54.21,imaude8y@psu.edu,2,NEW
10000342,2020-03-27,2020-04-11,Wilks,55.19.106.93,wwilks8z@baidu.com,3,NEW
10000343,2020-03-22,2020-04-26,Spelwood,65.54.48.22,mspelwood90@networksolutions.com,5,NEW
10000344,2020-04-06,2020-04-15,Latus,72.25.203.38,clatus91@cmu.edu,1,NEW
10000345,2020-03-19,2020-04-28,Craster,102.54.19.70,jcraster92@goo.ne.jp,1,NEW
10000346,2020-03-16,2020-04-24,Bartolomeazzi,153.177.26.6,hbartolomeazzi93@businessinsider.com,5,NEW
10000348,2020-04-09,2020-04-11,Tchaikovsky,87.201.94.29,gtchaikovsky94@phpbb.com,3,NEW
10000349,2020-03-30,2020-04-16,Cargon,25.23.82.5,kcargon95@ucsd.edu,3,NEW
10000350,2020-03-23,2020-04-27,Coughan,205.207.228.108,ccoughan96@fc2.com,1,NEW
10000351,2020-04-01,2020-04-11,Daice,176.7.5.122,jdaice97@github.com,1,NEW
10000352,2020-04-04,2020-04-13,Plail,165.163.43.20,gplail98@rambler.ru,5,NEW
10000353,2020-04-05,2020-04-25,Tiery,51.223.7.48,ltiery99@joomla.org,2,NEW
10000354,2020-04-08,2020-04-27,Llop,81.141.218.74,cllop9a@uiuc.edu,5,NEW
10000355,2020-04-08,2020-04-14,Sibun,185.22.27.65,tsibun9b@cloudflare.com,1,NEW
10000356,2020-04-01,2020-04-28,Kellog,211.80.81.184,gkellog9c@pbs.org,4,NEW
10000357,2020-03-16,2020-04-24,Brinkworth,1.120.169.252,obrinkworth9d@salon.com,5,NEW
10000358,2020-03-20,2020-04-25,Notman,63.93.41.198,cnotman9e@pen.io,1,NEW
10000359,2020-03-29,2020-04-26,Readshaw,117.255.3.127,rreadshaw9f@usatoday.com,4,NEW
10000360,2020-04-09,2020-04-20,Bellini,120.214.249.144,ibellini9g@i2i.jp,2,NEW
10000361,2020-04-01,2020-04-24,Rowena,233.231.227.30,growena9h@pagesperso-orange.fr,3,NEW
10000362,2020-03-25,2020-04-28,Aidler,209.148.159.178,maidler9i@technorati.com,5,NEW
10000363,2020-04-09,2020-04-25,Fashion,62.103.85.165,ofashion9j@liveinternet.ru,2,NEW
10000364,2020-03-24,2020-04-14,Ramelet,76.135.115.236,tramelet9k@pagesperso-orange.fr,1,NEW
10000365,2020-03-25,2020-04-14,Fusedale,230.60.99.46,bfusedale9l@nature.com,5,NEW
10000366,2020-04-05,2020-04-14,Cochrane,216.55.87.60,bcochrane9m@cdbaby.com,5,NEW
10000367,2020-03-18,2020-04-28,Rossborough,11.16.250.97,nrossborough9n@istockphoto.com,5,NEW
10000368,2020-03-21,2020-04-29,Pizey,242.205.191.89,tpizey9o@microsoft.com,5,NEW
10000369,2020-04-08,2020-04-19,Girvin,134.179.239.7,wgirvin9p@fotki.com,4,NEW
10000370,2020-03-17,2020-04-14,Juara,207.0.51.231,cjuara9q@earthlink.net,5,NEW
10000371,2020-03-28,2020-04-23,Embling,206.184.115.188,membling9r@wsj.com,5,NEW
10000372,2020-04-09,2020-04-24,Zelner,145.62.119.123,kzelner9s@mashable.com,4,NEW
10000373,2020-04-08,2020-04-29,Bowes,28.169.190.247,lbowes9t@issuu.com,1,NEW
10000374,2020-03-16,2020-04-20,Moniker,138.56.113.133,pmoniker9u@mozilla.org,5,NEW
10000375,2020-03-20,2020-04-16,Wilby,174.74.107.204,wwilby9v@jigsy.com,4,NEW
10000376,2020-03-23,2020-04-18,Bentley,53.136.17.81,rbentley9w@amazonaws.com,1,NEW
10000377,2020-03-29,2020-04-21,Inde,207.157.13.72,minde9x@csmonitor.com,2,NEW
10000378,2020-03-21,2020-04-13,Clevely,34.242.238.27,wclevely9y@google.com.br,2,NEW
10000379,2020-03-31,2020-04-28,Belderfield,204.109.193.215,rbelderfield9z@pcworld.com,5,NEW
10000380,2020-04-02,2020-04-29,Fownes,185.114.132.78,lfownesa0@tripod.com,3,NEW
10000381,2020-03-17,2020-04-26,McClenan,30.6.65.166,smcclenana1@phoca.cz,4,NEW
10000382,2020-04-02,2020-04-25,Janiak,226.70.131.194,mjaniaka2@so-net.ne.jp,3,NEW
10000383,2020-04-04,2020-04-12,Silver,98.29.34.130,tsilvera3@w3.org,2,NEW
10000384,2020-04-03,2020-04-27,Booler,246.236.215.129,mboolera4@wordpress.org,1,NEW
10000385,2020-03-20,2020-04-15,Goose,99.88.130.19,cgoosea5@google.de,2,NEW
10000386,2020-03-17,2020-04-18,Miskelly,26.140.30.132,fmiskellya6@topsy.com,1,NEW
10000387,2020-03-31,2020-04-28,Stigers,183.125.133.45,mstigersa7@bravesites.com,3,NEW
10000388,2020-03-18,2020-04-23,Browse,55.235.215.106,dbrowsea8@1und1.de,2,NEW
10000389,2020-03-26,2020-04-21,Dowsey,127.117.184.141,mdowseya9@wufoo.com,5,NEW
10000390,2020-03-17,2020-04-15,McConigal,114.233.55.170,mmcconigalaa@imageshack.us,4,NEW
10000391,2020-03-16,2020-04-16,Moody,37.183.245.230,gmoodyab@techcrunch.com,2,NEW
10000392,2020-03-18,2020-04-11,Van Der Walt,220.128.7.159,rvanderwaltac@cocolog-nifty.com,4,NEW
10000393,2020-03-27,2020-04-15,Cardoso,253.0.5.137,mcardosoad@theguardian.com,2,NEW
10000394,2020-03-24,2020-04-21,Rummings,108.187.90.95,lrummingsae@wikia.com,2,NEW
10000395,2020-03-19,2020-04-22,Currier,28.196.172.103,acurrieraf@ft.com,2,NEW
10000396,2020-03-19,2020-04-23,Orringe,108.49.162.229,jorringeag@jiathis.com,1,NEW
10000397,2020-04-06,2020-04-18,Kime,238.12.189.232,rkimeah@tiny.cc,2,NEW
10000398,2020-04-03,2020-04-13,Barling,76.58.6.137,obarlingai@google.co.jp,3,NEW
10000399,2020-04-03,2020-04-16,Berth,52.58.183.8,lberthaj@blogs.com,3,NEW
10000400,2020-03-31,2020-04-23,Cino,192.242.252.45,mcinoak@dmoz.org,3,NEW
10000401,2020-03-16,2020-04-11,Jouanot,251.89.199.144,cjouanotal@google.com.au,1,NEW
10000402,2020-03-31,2020-04-19,Fasler,214.253.21.141,kfasleram@goo.ne.jp,2,NEW
10000403,2020-04-02,2020-04-21,Kamienski,17.65.104.4,pkamienskian@prlog.org,3,NEW
10000404,2020-04-01,2020-04-13,O'Corrane,41.116.231.154,aocorraneao@wix.com,2,NEW
10000405,2020-04-08,2020-04-26,Thomasson,83.170.217.143,tthomassonap@edublogs.org,3,NEW
10000406,2020-04-02,2020-04-15,Garland,62.42.22.206,pgarlandaq@opera.com,3,NEW
10000407,2020-03-20,2020-04-29,Helder,200.63.101.10,phelderar@free.fr,5,NEW
10000408,2020-03-16,2020-04-21,Ciciura,196.253.181.151,dciciuraas@facebook.com,4,NEW
10000409,2020-04-03,2020-04-19,Eric,68.57.52.191,aericat@unblog.fr,3,NEW
10000410,2020-03-18,2020-04-22,Helliker,18.43.142.236,phellikerau@deviantart.com,1,NEW
10000411,2020-03-28,2020-04-12,Bunn,65.149.110.83,mbunnav@amazon.co.uk,1,NEW
10000412,2020-03-29,2020-04-21,Lamond,90.31.81.109,glamondaw@jigsy.com,1,NEW
10000413,2020-04-01,2020-04-19,Towll,246.43.182.168,atowllax@barnesandnoble.com,1,NEW
10000414,2020-04-05,2020-04-11,Hazeldene,49.73.88.8,mhazeldeneay@dyndns.org,3,NEW
10000415,2020-03-28,2020-04-17,Barday,209.178.109.109,kbardayaz@vinaora.com,2,NEW
10000416,2020-03-18,2020-04-16,Berrick,121.236.52.161,aberrickb0@cnbc.com,5,NEW
10000417,2020-03-19,2020-04-20,Destouche,40.27.190.170,fdestoucheb1@sina.com.cn,5,NEW
10000418,2020-03-29,2020-04-15,Skeffington,175.11.74.8,hskeffingtonb2@harvard.edu,4,NEW
10000419,2020-04-03,2020-04-14,McGeechan,7.14.156.133,gmcgeechanb3@biblegateway.com,5,NEW
10000420,2020-03-20,2020-04-20,Dyson,103.33.181.185,edysonb4@com.com,4,NEW
10000421,2020-03-26,2020-04-20,Ecclestone,222.95.10.126,kecclestoneb5@oracle.com,5,NEW
10000422,2020-03-24,2020-04-14,Boman,53.166.218.249,lbomanb6@statcounter.com,2,NEW
10000423,2020-03-18,2020-04-28,Howsin,231.244.36.97,nhowsinb7@pinterest.com,3,NEW
10000424,2020-04-01,2020-04-25,Burkert,103.111.157.112,cburkertb8@mediafire.com,4,NEW
10000425,2020-04-03,2020-04-21,Lockwood,36.210.226.180,blockwoodb9@icq.com,1,NEW
10000427,2020-03-20,2020-04-15,Burghill,92.53.41.209,lburghillba@comsenz.com,1,NEW
10000428,2020-04-09,2020-04-17,Dobeson,40.10.22.95,adobesonbb@miibeian.gov.cn,4,NEW
10000431,2020-03-22,2020-04-20,Didball,207.106.183.52,adidballbc@chron.com,4,NEW
10000432,2020-04-08,2020-04-18,Maureen,156.144.31.38,amaureenbd@webmd.com,4,NEW
10000002,2020-03-23,2020-04-18,Veazey,208.41.126.25,gveazeybe@examiner.com,5,CANCELLED
10000004,2020-03-27,2020-04-29,Scamerden,79.174.198.93,gscamerdenbf@nydailynews.com,1,CANCELLED
10000020,2020-03-24,2020-04-28,Dainty,101.156.0.206,mdaintybg@princeton.edu,4,CANCELLED
10000022,2020-03-31,2020-04-20,Shepton,72.196.243.121,lsheptonbh@creativecommons.org,2,CANCELLED
10000045,2020-04-05,2020-04-28,Tattershall,118.61.89.39,btattershallbi@shinystat.com,2,CANCELLED
10000046,2020-03-27,2020-04-17,Lowder,207.77.133.150,rlowderbj@amazon.co.jp,3,CANCELLED
10000060,2020-03-26,2020-04-28,George,198.18.74.240,dgeorgebk@google.com.au,4,CANCELLED
10000071,2020-03-19,2020-04-15,Harradence,246.15.98.110,kharradencebl@berkeley.edu,1,CANCELLED
10000077,2020-03-17,2020-04-25,Bernaldo,28.82.247.179,gbernaldobm@cyberchimps.com,2,CANCELLED
10000116,2020-03-25,2020-04-22,Christou,154.159.25.66,bchristoubn@yale.edu,1,CANCELLED
10000127,2020-03-17,2020-04-18,Hungerford,120.89.143.38,ehungerfordbo@geocities.jp,1,CANCELLED
10000154,2020-04-08,2020-04-13,Valentinuzzi,159.139.110.230,lvalentinuzzibp@vistaprint.com,3,CANCELLED
10000155,2020-04-04,2020-04-11,Ethridge,3.171.230.181,aethridgebq@opensource.org,5,CANCELLED
10000196,2020-04-01,2020-04-12,Smellie,210.208.167.171,gsmelliebr@mac.com,5,CANCELLED
10000216,2020-04-04,2020-04-14,Longina,111.36.236.246,mlonginabs@smugmug.com,1,CANCELLED
10000234,2020-04-03,2020-04-28,Lagne,56.142.33.115,slagnebt@privacy.gov.au,1,CANCELLED
10000259,2020-03-29,2020-04-19,Willshee,51.247.89.228,ewillsheebu@si.edu,3,CANCELLED
10000302,2020-03-28,2020-04-26,Duiguid,55.219.239.128,nduiguidbv@mit.edu,5,CANCELLED
10000306,2020-03-29,2020-04-15,Runge,150.230.165.111,mrungebw@google.fr,4,CANCELLED
10000347,2020-03-20,2020-04-17,O'Leary,136.105.154.51,molearybx@globo.com,2,CANCELLED
10000426,2020-03-22,2020-04-19,O'Brallaghan,120.255.90.211,mobrallaghanby@vkontakte.ru,5,CANCELLED
10000429,2020-03-18,2020-04-13,Schole,219.14.163.151,dscholebz@sitemeter.com,5,CANCELLED
10000430,2020-03-24,2020-04-29,Kleinholz,85.103.129.183,skleinholzc0@weebly.com,4,CANCELLED
